,Inc,Corp,Inc.,Ltd,Fund,Co,ETF,Trust,(The),Bancorp,LP,Corp.,PLC,SA,Group,NV,II,Plc,Inc-Old,LLC,plc,III,Corporation,Co.,Corp-Old,CV,Holdings,Bancshares,Bancorporation,3,INC,AG,Sa,REIT,FSB,inc,Bankshares,Ltd.,IV,I,Cos,ASA,AB,Shares,SPA,SE,S.A.,N.V.,Ltd-Old,INC.,Enterprises,Company,CORP,Bancorp.,A,old,VI,SAA,Partners,Old,Limited,International-Old,Corp(The),Companies,Capital-Old,Associates,Assn,AS,1999,inc.,etf,corp,VIII,VII,V,Trust-Old,Technology-Old,Technologies-Old,Technologies-OLD,SpA,Services-Old,SAIC,SABESP,SAB,S.C.A.,S.A,Russell2000,Resources-Old,RentCorp,QQQ,Oy,OLD,New,NA,Medicorp,MS,MLP,Lp,LTD,LP-Old,Internationl,Inc-REDH,Inc-OLD,Hotels-Old,Holding-Old,Holding,Healthcorp,HOLDRs,Group-Old,GoldTrust,Fund-Old,Fincorp,FUND,FSA,Euronext,Etf,Etc,DE,DC,Corpbanca,Corp-USA,Co-Old,City,Cities,Capital,C.V.,Bancshare,Bancorp-Old,Banc-Corp,BanCorporation,B.V.,Assc,Anonima,AG-Old,66,5,4,2000,1998,1997,1996,1995,1,(USA),(US-GAAP),(The)-Old,(RP),(New),(BBVA),Municipal,Bond,Infrastructure,Homes,
